<?xml version="1.0" encoding="UTF-8"?>
<project-private xmlns="http://www.netbeans.org/ns/project-private/1">
    <editor-bookmarks xmlns="http://www.netbeans.org/ns/editor-bookmarks/2" lastBookmarkId="0"/>
    <open-files xmlns="http://www.netbeans.org/ns/projectui-open-files/2">
        <group>
            <file>file:/C:/Workspace/Programacion/3º%20Trimestre/Tema%208/Serializacion1/src/Main/Main.java</file>
            <file>file:/C:/Workspace/Programacion/3º%20Trimestre/Tema%208/Serializacion1/src/Model/Coche.java</file>
        </group>
    </open-files>
</project-private>
